date,closeAdj
2019-11-08,43.31
2019-11-07,43.54
2019-11-06,42.88
2019-11-05,42.97
2019-11-04,43.06
2019-11-01,42.43
2019-10-31,42.04
2019-10-30,40.53
2019-10-29,41.51
2019-10-28,41.3
2019-10-25,41.01
2019-10-24,40.54
2019-10-23,40.73
2019-10-22,40.56
2019-10-21,40.4
2019-10-18,39.64
2019-10-17,39.85
2019-10-16,39.7
2019-10-15,40.33
2019-10-14,40.2
2019-10-11,40.46
2019-10-10,39.77
2019-10-09,38.93
2019-10-08,38.4
2019-10-07,39.78
2019-10-04,40.35
2019-10-03,39.53
2019-10-02,39.72
2019-10-01,40.33
2019-09-30,41.07
2019-09-27,40.94
2019-09-26,40.86
2019-09-25,40.48
2019-09-24,39.93
2019-09-23,40.4
2019-09-20,40.9
2019-09-19,40.9
2019-09-18,41.67
2019-09-17,41.79
2019-09-16,41.96
2019-09-13,41.63
2019-09-12,41.45
2019-09-11,41.05
2019-09-10,40.29
2019-09-09,39.67
2019-09-06,38.71
2019-09-05,38.63
2019-09-04,38.24
2019-09-03,37.99
2019-08-30,38.05
2019-08-29,37.73
2019-08-28,37.57
2019-08-27,37.42
2019-08-26,37.81
2019-08-23,37.43
2019-08-22,37.93
2019-08-21,37.69
2019-08-20,37.13
2019-08-19,37.67
2019-08-16,37.49
2019-08-15,36.42
2019-08-14,36.43
2019-08-13,37.41
2019-08-12,37.05
2019-08-09,38.0
2019-08-08,37.94
2019-08-07,36.93
2019-08-06,37.07
2019-08-05,37.43
2019-08-02,39.7
2019-08-01,40.77
2019-07-31,40.7
2019-07-30,40.57
2019-07-29,40.52
2019-07-26,40.21
2019-07-25,40.3
2019-07-24,40.19
2019-07-23,40.16
2019-07-22,40.0
2019-07-19,39.87
2019-07-18,39.79
2019-07-17,39.93
2019-07-16,40.44
2019-07-15,41.35
2019-07-12,41.53
2019-07-11,41.34
2019-07-10,41.41
2019-07-09,41.38
2019-07-08,41.45
2019-07-05,41.55
2019-07-03,41.48
2019-07-02,41.1
2019-07-01,41.01
2019-06-28,40.42
2019-06-27,40.19
2019-06-26,40.12
2019-06-25,40.04
2019-06-24,40.35
2019-06-21,40.7
2019-06-20,40.91
2019-06-19,40.33
2019-06-18,40.82
2019-06-17,40.36
2019-06-14,40.41
2019-06-13,40.63
2019-06-12,40.34
2019-06-11,39.79
2019-06-10,39.69
2019-06-07,39.21
2019-06-06,39.34
2019-06-05,38.9
2019-06-04,39.26
2019-06-03,38.62
2019-05-31,37.96
2019-05-30,38.1
2019-05-29,38.18
2019-05-28,38.22
2019-05-24,38.79
2019-05-23,38.84
2019-05-22,39.55
2019-05-21,39.8
2019-05-20,39.45
2019-05-17,40.3
2019-05-16,40.87
2019-05-15,40.6
2019-05-14,40.47
2019-05-13,39.96
2019-05-10,41.67
2019-05-09,41.8
2019-05-08,41.66
2019-05-07,41.95
2019-05-06,42.32
2019-05-03,42.89
2019-05-02,42.76
2019-05-01,43.28
2019-04-30,43.8
2019-04-29,42.5
2019-04-26,40.18
2019-04-25,40.97
2019-04-24,42.02
2019-04-23,41.94
2019-04-22,41.9
2019-04-18,42.0
2019-04-17,42.27
2019-04-16,42.21
2019-04-15,42.57
2019-04-12,42.61
2019-04-11,42.52
2019-04-10,42.47
2019-04-09,42.02
2019-04-08,42.32
2019-04-05,42.16
2019-04-04,41.97
2019-04-03,41.47
2019-04-02,41.51
2019-04-01,41.92
2019-03-29,42.36
2019-03-28,41.96
2019-03-27,41.73
2019-03-26,41.53
2019-03-25,41.59
2019-03-22,41.86
2019-03-21,42.11
2019-03-20,41.54
2019-03-19,42.24
2019-03-18,41.72
2019-03-15,42.41
2019-03-14,42.58
2019-03-13,42.5
2019-03-12,42.14
2019-03-11,42.07
2019-03-08,41.17
2019-03-07,41.42
2019-03-06,41.38
2019-03-05,41.5
2019-03-04,41.49
2019-03-01,41.67
2019-02-28,41.74
2019-02-27,41.86
2019-02-26,41.56
2019-02-25,41.67
2019-02-22,41.73
2019-02-21,41.81
2019-02-20,41.22
2019-02-19,41.1
2019-02-15,41.23
2019-02-14,41.14
2019-02-13,41.3
2019-02-12,41.24
2019-02-11,40.92
2019-02-08,40.67
2019-02-07,40.32
2019-02-06,40.78
2019-02-05,40.76
2019-02-04,43.33
2019-02-01,43.72
2019-01-31,43.73
2019-01-30,43.53
2019-01-29,43.06
2019-01-28,43.02
2019-01-25,42.58
2019-01-24,42.53
2019-01-23,42.57
2019-01-22,42.43
2019-01-18,43.11
2019-01-17,42.28
2019-01-16,42.17
2019-01-15,42.35
2019-01-14,41.74
2019-01-11,42.04
2019-01-10,42.24
2019-01-09,41.95
2019-01-08,41.59
2019-01-07,40.83
2019-01-04,40.63
2019-01-03,39.71
2019-01-02,39.89
2018-12-31,39.9
2018-12-28,39.72
2018-12-27,39.9
2018-12-26,39.61
2018-12-24,38.59
2018-12-21,39.74
2018-12-20,40.16
2018-12-19,41.3
2018-12-18,41.73
2018-12-17,42.25
2018-12-14,43.45
2018-12-13,43.76
2018-12-12,44.02
2018-12-11,43.39
2018-12-10,43.43
2018-12-07,43.3
2018-12-06,44.35
2018-12-04,44.42
2018-12-03,45.62
2018-11-30,44.82
2018-11-29,44.84
2018-11-28,44.8
2018-11-27,44.87
2018-11-26,44.34
2018-11-23,44.02
2018-11-21,44.41
2018-11-20,44.15
2018-11-19,44.78
2018-11-16,44.84
2018-11-15,44.6
2018-11-14,45.06
2018-11-13,46.43
2018-11-12,46.35
2018-11-09,46.66
2018-11-08,46.96
2018-11-07,46.7
2018-11-06,45.76
2018-11-05,46.51
2018-11-02,46.41
2018-11-01,47.11
2018-10-31,45.68
2018-10-30,46.41
2018-10-29,45.45
2018-10-26,44.92
2018-10-25,46.31
2018-10-24,46.17
2018-10-23,47.43
2018-10-22,47.29
2018-10-19,47.9
2018-10-18,47.58
2018-10-17,47.41
2018-10-16,47.67
2018-10-15,47.41
2018-10-12,47.21
2018-10-11,47.06
2018-10-10,48.48
2018-10-09,49.74
2018-10-08,50.07
2018-10-05,49.38
2018-10-04,48.79
2018-10-03,48.78
2018-10-02,48.74
2018-10-01,48.45
2018-09-28,48.6
2018-09-27,47.81
2018-09-26,47.71
2018-09-25,47.99
2018-09-24,47.98
2018-09-21,48.65
2018-09-20,48.66
2018-09-19,48.28
2018-09-18,47.98
2018-09-17,48.13
2018-09-14,48.38
2018-09-13,48.34
2018-09-12,48.24
2018-09-11,48.1
2018-09-10,48.05
2018-09-07,47.68
2018-09-06,47.77
2018-09-05,48.18
2018-09-04,48.42
2018-08-31,48.73
2018-08-30,48.71
2018-08-29,48.73
2018-08-28,48.78
2018-08-27,49.1
2018-08-24,49.02
2018-08-23,48.84
2018-08-22,48.83
2018-08-21,49.06
2018-08-20,49.09
2018-08-17,48.87
2018-08-16,48.49
2018-08-15,47.8
2018-08-14,47.96
2018-08-13,47.37
2018-08-10,47.89
2018-08-09,48.25
2018-08-08,47.99
2018-08-07,48.26
2018-08-06,48.08
2018-08-03,47.97
2018-08-02,47.38
2018-08-01,46.2
2018-07-31,46.35
2018-07-30,45.47
2018-07-27,45.72
2018-07-26,45.82
2018-07-25,45.37
2018-07-24,45.43
2018-07-23,45.36
2018-07-20,45.25
2018-07-19,45.38
2018-07-18,45.44
2018-07-17,45.83
2018-07-16,45.3
2018-07-13,45.68
2018-07-12,46.0
2018-07-11,45.95
2018-07-10,46.04
2018-07-09,45.4
2018-07-06,44.86
2018-07-05,44.5
2018-07-03,43.85
2018-07-02,43.44
2018-06-29,44.01
2018-06-28,44.36
2018-06-27,44.44
2018-06-26,44.4
2018-06-25,44.43
2018-06-22,44.69
2018-06-21,44.18
2018-06-20,44.34
2018-06-19,44.24
2018-06-18,44.36
2018-06-15,44.21
2018-06-14,43.45
2018-06-13,43.49
2018-06-12,43.31
2018-06-11,43.71
2018-06-08,43.07
2018-06-07,42.92
2018-06-06,43.02
2018-06-05,42.48
2018-06-04,42.34
2018-06-01,42.08
2018-05-31,41.99
2018-05-30,42.53
2018-05-29,42.05
2018-05-25,42.78
2018-05-24,43.03
2018-05-23,43.02
2018-05-22,43.13
2018-05-21,43.38
2018-05-18,43.24
2018-05-17,43.13
2018-05-16,42.76
2018-05-15,42.33
2018-05-14,42.34
2018-05-11,41.92
2018-05-10,41.84
2018-05-09,41.65
2018-05-08,41.89
2018-05-07,41.64
2018-05-04,41.8
2018-05-03,41.56
2018-05-02,42.35
2018-05-01,42.92
2018-04-30,43.25
2018-04-27,43.89
2018-04-26,43.7
2018-04-25,43.69
2018-04-24,43.04
2018-04-23,43.36
2018-04-20,43.37
2018-04-19,43.64
2018-04-18,43.51
2018-04-17,43.55
2018-04-16,43.34
2018-04-13,43.08
2018-04-12,43.18
2018-04-11,42.06
2018-04-10,42.07
2018-04-09,42.15
2018-04-06,42.25
2018-04-05,42.35
2018-04-04,41.84
2018-04-03,41.1
2018-04-02,40.29
2018-03-29,41.34
2018-03-28,40.79
2018-03-27,40.86
2018-03-26,40.82
2018-03-23,40.08
2018-03-22,39.97
2018-03-21,40.62
2018-03-20,40.96
2018-03-19,41.04
2018-03-16,41.46
2018-03-15,41.23
2018-03-14,41.72
2018-03-13,42.17
2018-03-12,42.44
2018-03-09,41.27
2018-03-08,41.26
2018-03-07,41.01
2018-03-06,41.1
2018-03-05,40.72
2018-03-02,40.22
2018-03-01,39.32
2018-02-28,39.57
2018-02-27,39.69
2018-02-26,40.19
2018-02-23,40.57
2018-02-22,39.8
2018-02-21,40.15
2018-02-20,40.57
2018-02-16,41.11
2018-02-15,40.86
2018-02-14,39.55
2018-02-13,39.1
2018-02-12,39.03
2018-02-09,39.24
2018-02-08,39.11
2018-02-07,39.9
2018-02-06,39.72
2018-02-05,38.4
2018-02-02,39.18
2018-02-01,40.16
2018-01-31,40.62
2018-01-30,40.17
2018-01-29,40.77
2018-01-26,41.22
2018-01-25,40.56
2018-01-24,40.52
2018-01-23,40.3
2018-01-22,40.43
2018-01-19,38.74
2018-01-18,38.28
2018-01-17,38.69
2018-01-16,38.57
2018-01-12,38.3
2018-01-11,38.36
2018-01-10,37.74
2018-01-09,38.04
2018-01-08,37.91
2018-01-05,38.0
2018-01-04,38.26
2018-01-03,37.62
2018-01-02,37.91
2017-12-29,37.91
2017-12-28,38.08
2017-12-27,38.06
2017-12-26,38.08
2017-12-22,38.01
2017-12-21,37.91
2017-12-20,37.71
2017-12-19,37.95
2017-12-18,38.04
2017-12-15,38.36
2017-12-14,37.42
2017-12-13,37.88
2017-12-12,39.5
2017-12-11,39.63
2017-12-08,39.26
2017-12-07,39.07
2017-12-06,38.98
2017-12-05,38.62
2017-12-04,38.96
2017-12-01,38.61
2017-11-30,37.72
2017-11-29,37.61
2017-11-28,36.97
2017-11-27,36.95
2017-11-24,37.02
2017-11-22,37.11
2017-11-21,37.21
2017-11-20,37.07
2017-11-17,37.28
2017-11-16,37.06
2017-11-15,36.85
2017-11-14,37.33
2017-11-13,37.28
2017-11-10,37.46
2017-11-09,37.15
2017-11-08,37.34
2017-11-07,37.09
2017-11-06,36.84
2017-11-03,37.32
2017-11-02,37.68
2017-11-01,38.11
2017-10-31,38.34
2017-10-30,40.16
2017-10-27,40.41
2017-10-26,40.35
2017-10-25,40.75
2017-10-24,41.02
2017-10-23,40.87
2017-10-20,40.8
2017-10-19,40.63
2017-10-18,40.63
2017-10-17,40.97
2017-10-16,41.0
2017-10-13,41.28
2017-10-12,40.75
2017-10-11,40.61
2017-10-10,40.35
2017-10-09,39.97
2017-10-06,40.34
2017-10-05,40.67
2017-10-04,40.37
2017-10-03,40.08
2017-10-02,39.98
2017-09-29,39.88
2017-09-28,40.11
2017-09-27,40.39
2017-09-26,40.83
2017-09-25,40.87
2017-09-22,40.7
2017-09-21,40.61
2017-09-20,40.64
2017-09-19,41.17
2017-09-18,41.36
2017-09-15,41.13
2017-09-14,40.76
2017-09-13,40.61
2017-09-12,40.54
2017-09-11,40.14
2017-09-08,39.75
2017-09-07,39.95
2017-09-06,39.78
2017-09-05,39.35
2017-09-01,39.59
2017-08-31,38.76
2017-08-30,39.27
2017-08-29,39.16
2017-08-28,39.19
2017-08-25,39.17
2017-08-24,38.54
2017-08-23,39.19
2017-08-22,39.14
2017-08-21,38.99
2017-08-18,38.72
2017-08-17,39.09
2017-08-16,39.54
2017-08-15,39.45
2017-08-14,39.05
2017-08-11,38.41
2017-08-10,39.21
2017-08-09,39.56
2017-08-08,39.32
2017-08-07,39.51
2017-08-04,39.65
2017-08-03,39.68
2017-08-02,39.56
2017-08-01,40.31
2017-07-31,39.27
2017-07-28,38.9
2017-07-27,38.9
2017-07-26,38.83
2017-07-25,39.06
2017-07-24,38.52
2017-07-21,38.41
2017-07-20,38.56
2017-07-19,38.43
2017-07-18,38.34
2017-07-17,38.73
2017-07-14,38.62
2017-07-13,38.52
2017-07-12,38.08
2017-07-11,37.51
2017-07-10,37.99
2017-07-07,38.39
2017-07-06,38.26
2017-07-05,38.91
2017-07-03,38.6
2017-06-30,38.52
2017-06-29,37.83
2017-06-28,38.3
2017-06-27,38.17
2017-06-26,38.45
2017-06-23,38.32
2017-06-22,38.2
2017-06-21,38.4
2017-06-20,38.62
2017-06-19,39.51
2017-06-16,39.62
2017-06-15,39.44
2017-06-14,39.15
2017-06-13,39.44
2017-06-12,39.5
2017-06-09,39.12
2017-06-08,39.11
2017-06-07,39.02
2017-06-06,39.05
2017-06-05,39.05
2017-06-02,39.31
2017-06-01,38.93
2017-05-31,38.71
2017-05-30,39.2
2017-05-26,39.52
2017-05-25,39.68
2017-05-24,39.61
2017-05-23,40.07
2017-05-22,38.64
2017-05-19,38.64
2017-05-18,38.46
2017-05-17,38.65
2017-05-16,39.01
2017-05-15,38.93
2017-05-12,38.77
2017-05-11,38.83
2017-05-10,39.07
2017-05-09,39.14
2017-05-08,39.69
2017-05-05,39.2
2017-05-04,39.17
2017-05-03,38.17
2017-05-02,38.5
2017-05-01,42.25
2017-04-28,42.27
2017-04-27,42.3
2017-04-26,41.83
2017-04-25,42.11
2017-04-24,41.93
2017-04-21,41.4
2017-04-20,41.48
2017-04-19,41.21
2017-04-18,41.95
2017-04-17,41.28
2017-04-13,40.91
2017-04-12,41.25
2017-04-11,41.15
2017-04-10,41.57
2017-04-07,41.47
2017-04-06,41.81
2017-04-05,41.82
2017-04-04,41.95
2017-04-03,42.31
2017-03-31,42.54
2017-03-30,42.6
2017-03-29,42.72
2017-03-28,42.24
2017-03-27,41.9
2017-03-24,42.11
2017-03-23,42.14
2017-03-22,42.14
2017-03-21,41.53
2017-03-20,41.44
2017-03-17,41.32
2017-03-16,41.44
2017-03-15,41.58
2017-03-14,41.27
2017-03-13,41.3
2017-03-10,41.61
2017-03-09,41.04
2017-03-08,40.64
2017-03-07,41.08
2017-03-06,41.35
2017-03-03,41.76
2017-03-02,42.02
2017-03-01,42.97
2017-02-28,43.4
2017-02-27,41.92
2017-02-24,41.82
2017-02-23,41.66
2017-02-22,41.32
2017-02-21,41.4
2017-02-17,41.29
2017-02-16,40.74
2017-02-15,40.79
2017-02-14,40.11
2017-02-13,40.09
2017-02-10,40.2
2017-02-09,39.94
2017-02-08,39.86
2017-02-07,40.9
2017-02-06,40.38
2017-02-03,40.35
2017-02-02,40.35
2017-02-01,40.15
2017-01-31,40.6
2017-01-30,40.48
2017-01-27,40.84
2017-01-26,40.86
2017-01-25,41.46
2017-01-24,40.96
2017-01-23,41.01
2017-01-20,41.03
2017-01-19,40.82
2017-01-18,41.23
2017-01-17,40.99
2017-01-13,39.96
2017-01-12,39.85
2017-01-11,40.37
2017-01-10,40.78
2017-01-09,41.05
2017-01-06,41.02
2017-01-05,41.98
2017-01-04,42.29
2017-01-03,42.37
2016-12-30,41.87
2016-12-29,41.61
2016-12-28,41.59
2016-12-27,41.87
2016-12-23,41.41
2016-12-22,41.44
2016-12-21,42.31
2016-12-20,42.4
2016-12-19,42.26
2016-12-16,42.66
2016-12-15,41.96
2016-12-14,41.82
2016-12-13,42.56
2016-12-12,43.13
2016-12-09,42.71
2016-12-08,42.17
2016-12-07,41.46
2016-12-06,40.98
2016-12-05,40.27
2016-12-02,40.36
2016-12-01,40.64
2016-11-30,39.65
2016-11-29,39.23
2016-11-28,39.54
2016-11-25,39.95
2016-11-23,39.67
2016-11-22,39.91
2016-11-21,40.04
2016-11-18,39.89
2016-11-17,39.44
2016-11-16,39.68
2016-11-15,39.89
2016-11-14,39.33
2016-11-11,38.0
2016-11-10,41.14
2016-11-09,42.15
2016-11-08,43.46
2016-11-07,42.85
2016-11-04,42.73
2016-11-03,43.19
2016-11-02,43.04
2016-11-01,42.57
2016-10-31,39.68
2016-10-28,39.7
2016-10-27,39.23
2016-10-26,39.41
2016-10-25,38.73
2016-10-24,38.71
2016-10-21,38.54
2016-10-20,38.41
2016-10-19,38.45
2016-10-18,38.23
2016-10-17,38.11
2016-10-14,38.37
2016-10-13,38.48
2016-10-12,38.6
2016-10-11,38.56
2016-10-10,39.4
2016-10-07,38.84
2016-10-06,39.3
2016-10-05,39.4
2016-10-04,38.97
2016-10-03,39.07
2016-09-30,38.4
2016-09-29,37.82
2016-09-28,38.11
2016-09-27,38.15
2016-09-26,38.16
2016-09-23,38.68
2016-09-22,39.14
2016-09-21,38.99
2016-09-20,38.38
2016-09-19,38.41
2016-09-16,38.28
2016-09-15,38.5
2016-09-14,38.23
2016-09-13,38.25
2016-09-12,39.12
2016-09-09,38.27
2016-09-08,39.38
2016-09-07,40.09
2016-09-06,40.01
2016-09-02,39.91
2016-09-01,39.29
2016-08-31,39.85
2016-08-30,39.35
2016-08-29,39.01
2016-08-26,38.6
2016-08-25,38.76
2016-08-24,39.45
2016-08-23,40.18
2016-08-22,39.89
2016-08-19,39.6
2016-08-18,39.68
2016-08-17,39.73
2016-08-16,39.59
2016-08-15,39.86
2016-08-12,39.86
2016-08-11,39.73
2016-08-10,40.08
2016-08-09,40.14
2016-08-08,40.27
2016-08-05,40.2
2016-08-04,39.56
2016-08-03,39.73
2016-08-02,39.3
2016-08-01,40.01
2016-07-29,40.77
2016-07-28,40.65
2016-07-27,39.71
2016-07-26,39.68
2016-07-25,39.43
2016-07-22,39.54
2016-07-21,39.24
2016-07-20,39.24
2016-07-19,39.33
2016-07-18,40.02
2016-07-15,39.75
2016-07-14,39.33
2016-07-13,38.98
2016-07-12,39.15
2016-07-11,39.04
2016-07-08,39.33
2016-07-07,38.1
2016-07-06,38.1
2016-07-05,37.94
2016-07-01,38.54
2016-06-30,38.79
2016-06-29,37.61
2016-06-28,36.69
2016-06-27,35.4
2016-06-24,36.63
2016-06-23,38.63
2016-06-22,37.99
2016-06-21,37.93
2016-06-20,38.39
2016-06-17,38.27
2016-06-16,38.03
2016-06-15,38.12
2016-06-14,37.79
2016-06-13,37.82
2016-06-10,38.92
2016-06-09,39.64
2016-06-08,39.63
2016-06-07,39.49
2016-06-06,39.5
2016-06-03,39.43
2016-06-02,39.32
2016-06-01,38.74
2016-05-31,38.68
2016-05-27,39.1
2016-05-26,38.96
2016-05-25,38.42
2016-05-24,38.03
2016-05-23,36.58
2016-05-20,36.02
2016-05-19,34.7
2016-05-18,33.93
2016-05-17,33.91
2016-05-16,34.05
2016-05-13,33.76
2016-05-12,34.58
2016-05-11,34.06
2016-05-10,34.45
2016-05-09,33.85
2016-05-06,34.28
2016-05-05,34.17
2016-05-04,34.74
2016-05-03,35.08
2016-05-02,36.12
2016-04-29,35.84
2016-04-28,35.95
2016-04-27,35.81
2016-04-26,35.65
2016-04-25,35.23
2016-04-22,35.55
2016-04-21,34.41
2016-04-20,34.88
2016-04-19,34.3
2016-04-18,33.84
2016-04-15,33.47
2016-04-14,32.83
2016-04-13,33.32
2016-04-12,33.05
2016-04-11,32.3
2016-04-08,32.38
2016-04-07,32.05
2016-04-06,31.89
2016-04-05,31.5
2016-04-04,32.34
2016-04-01,32.72
2016-03-31,32.58
2016-03-30,32.86
2016-03-29,33.08
2016-03-28,32.62
2016-03-24,32.72
2016-03-23,32.84
2016-03-22,33.75
2016-03-21,34.25
2016-03-18,34.16
2016-03-17,34.28
2016-03-16,33.61
2016-03-15,32.8
2016-03-14,32.94
2016-03-11,32.84
2016-03-10,32.09
2016-03-09,32.35
2016-03-08,32.33
2016-03-07,33.32
2016-03-04,33.78
2016-03-03,33.05
2016-03-02,32.15
2016-03-01,31.83
2016-02-29,31.37
2016-02-26,31.22
2016-02-25,31.06
2016-02-24,30.37
2016-02-23,30.32
2016-02-22,30.32
2016-02-19,29.3
2016-02-18,30.42
2016-02-17,29.97
2016-02-16,30.17
2016-02-12,29.12
2016-02-11,28.38
2016-02-10,29.5
2016-02-09,29.86
2016-02-08,29.61
2016-02-05,30.29
2016-02-04,30.45
2016-02-03,29.73
2016-02-02,28.77
2016-02-01,31.53
2016-01-29,31.43
2016-01-28,30.85
2016-01-27,30.0
2016-01-26,29.9
2016-01-25,28.83
2016-01-22,29.55
2016-01-21,28.38
2016-01-20,27.82
2016-01-19,27.13
2016-01-15,28.02
2016-01-14,29.66
2016-01-13,29.76
2016-01-12,30.47
2016-01-11,30.37
2016-01-08,30.58
2016-01-07,30.69
2016-01-06,31.44
2016-01-05,32.22
2016-01-04,31.87
2015-12-31,32.61
2015-12-30,32.79
2015-12-29,32.98
2015-12-28,32.45
2015-12-24,32.59
2015-12-23,32.61
2015-12-22,32.37
2015-12-21,31.4
2015-12-18,31.12
2015-12-17,30.49
2015-12-16,31.48
2015-12-15,31.0
2015-12-14,30.39
2015-12-11,30.43
2015-12-10,31.2
2015-12-09,31.48
2015-12-08,31.36
2015-12-07,31.48
2015-12-04,31.98
2015-12-03,31.66
2015-12-02,32.47
2015-12-01,32.63
2015-11-30,32.44
2015-11-27,32.42
2015-11-25,32.43
2015-11-24,32.04
2015-11-23,32.65
2015-11-20,31.86
2015-11-19,32.39
2015-11-18,33.26
2015-11-17,33.08
2015-11-16,34.0
2015-11-13,33.32
2015-11-12,33.99
2015-11-11,35.75
2015-11-10,35.86
2015-11-09,36.64
2015-11-06,37.18
2015-11-05,38.01
2015-11-04,37.97
2015-11-03,38.08
2015-11-02,40.84
2015-10-30,40.3
2015-10-29,40.18
2015-10-28,41.3
2015-10-27,40.81
2015-10-26,40.94
2015-10-23,41.38
2015-10-22,41.21
2015-10-21,39.97
2015-10-20,40.33
2015-10-19,40.57
2015-10-16,40.56
2015-10-15,40.21
2015-10-14,39.68
2015-10-13,39.64
2015-10-12,40.1
2015-10-09,40.09
2015-10-08,39.83
2015-10-07,39.11
2015-10-06,38.51
2015-10-05,38.51
2015-10-02,37.44
2015-10-01,36.59
2015-09-30,36.58
2015-09-29,36.2
2015-09-28,36.26
2015-09-25,37.51
2015-09-24,37.08
2015-09-23,37.12
2015-09-22,37.46
2015-09-21,38.28
2015-09-18,38.15
2015-09-17,39.05
2015-09-16,39.0
2015-09-15,38.36
2015-09-14,37.89
2015-09-11,37.79
2015-09-10,38.0
2015-09-09,37.94
2015-09-08,38.57
2015-09-04,37.86
2015-09-03,38.61
2015-09-02,38.5
2015-09-01,38.25
2015-08-31,39.71
2015-08-28,39.41
2015-08-27,39.56
2015-08-26,38.82
2015-08-25,37.96
2015-08-24,38.43
2015-08-21,39.82
2015-08-20,40.77
2015-08-19,41.23
2015-08-18,42.08
2015-08-17,41.93
2015-08-14,41.41
2015-08-13,41.68
2015-08-12,41.14
2015-08-11,40.42
2015-08-10,40.82
2015-08-07,40.72
2015-08-06,42.07
2015-08-05,42.3
2015-08-04,42.47
2015-08-03,41.85
2015-07-31,41.6
2015-07-30,41.95
2015-07-29,42.22
2015-07-28,42.42
2015-07-27,41.46
2015-07-24,41.4
2015-07-23,42.13
2015-07-22,41.83
2015-07-21,41.66
2015-07-20,42.15
2015-07-17,42.13
2015-07-16,41.98
2015-07-15,41.64
2015-07-14,41.93
2015-07-13,41.67
2015-07-10,41.42
2015-07-09,41.31
2015-07-08,41.68
2015-07-07,42.23
2015-07-06,42.19
2015-07-02,42.68
2015-07-01,42.67
2015-06-30,42.3
2015-06-29,42.51
2015-06-26,43.49
2015-06-25,44.48
2015-06-24,45.14
2015-06-23,45.62
2015-06-22,45.61
2015-06-19,45.18
2015-06-18,45.07
2015-06-17,44.69
2015-06-16,45.14
2015-06-15,44.98
2015-06-12,45.54
2015-06-11,45.67
2015-06-10,45.8
2015-06-09,44.75
2015-06-08,44.75
2015-06-05,44.75
2015-06-04,45.09
2015-06-03,46.02
2015-06-02,46.29
2015-06-01,46.52
2015-05-29,46.37
2015-05-28,46.2
2015-05-27,46.65
2015-05-26,45.75
2015-05-22,46.21
2015-05-21,46.43
2015-05-20,46.0
2015-05-19,46.08
2015-05-18,46.37
2015-05-15,46.29
2015-05-14,46.15
2015-05-13,45.52
2015-05-12,45.31
2015-05-11,45.03
2015-05-08,44.73
2015-05-07,43.91
2015-05-06,43.58
2015-05-05,43.94
2015-05-04,43.91
2015-05-01,43.44
2015-04-30,42.66
2015-04-29,42.72
2015-04-28,42.57
2015-04-27,42.42
2015-04-24,42.07
2015-04-23,42.12
2015-04-22,41.98
2015-04-21,41.84
2015-04-20,42.15
2015-04-17,42.13
2015-04-16,42.15
2015-04-15,42.24
2015-04-14,41.9
2015-04-13,41.78
2015-04-10,41.85
2015-04-09,41.8
2015-04-08,42.18
2015-04-07,42.03
2015-04-06,42.18
2015-04-02,41.32
2015-04-01,41.39
2015-03-31,41.37
2015-03-30,41.38
2015-03-27,40.55
2015-03-26,40.41
2015-03-25,40.76
2015-03-24,40.98
2015-03-23,41.13
2015-03-20,40.97
2015-03-19,40.57
2015-03-18,41.16
2015-03-17,40.36
2015-03-16,40.57
2015-03-13,40.41
2015-03-12,40.7
2015-03-11,39.71
2015-03-10,39.72
2015-03-09,40.48
2015-03-06,40.36
2015-03-05,41.44
2015-03-04,41.09
2015-03-03,41.47
2015-03-02,41.76
2015-02-27,41.78
2015-02-26,41.5
2015-02-25,41.98
2015-02-24,42.46
2015-02-23,42.12
2015-02-20,42.02
2015-02-19,41.7
2015-02-18,41.64
2015-02-17,41.69
2015-02-13,41.98
2015-02-12,41.4
2015-02-11,40.7
2015-02-10,41.27
2015-02-09,41.1
2015-02-06,41.26
2015-02-05,42.23
2015-02-04,40.03
2015-02-03,42.3
2015-02-02,41.79
2015-01-30,40.45
2015-01-29,41.57
2015-01-28,41.2
2015-01-27,41.88
2015-01-26,41.89
2015-01-23,41.53
2015-01-22,41.71
2015-01-21,41.38
2015-01-20,40.95
2015-01-16,41.36
2015-01-15,40.95
2015-01-14,41.16
2015-01-13,41.88
2015-01-12,41.82
2015-01-09,42.35
2015-01-08,42.71
2015-01-07,43.35
2015-01-06,42.71
2015-01-05,43.56
2015-01-02,45.13
2014-12-31,45.11
2014-12-30,45.88
2014-12-29,46.09
2014-12-26,46.34
2014-12-24,46.07
2014-12-23,46.12
2014-12-22,45.73
2014-12-19,45.32
2014-12-18,44.38
2014-12-17,43.06
2014-12-16,42.78
2014-12-15,43.23
2014-12-12,43.24
2014-12-11,44.15
2014-12-10,44.48
2014-12-09,46.01
2014-12-08,45.51
2014-12-05,46.19
2014-12-04,45.79
2014-12-03,46.59
2014-12-02,46.25
2014-12-01,45.51
2014-11-28,45.7
2014-11-26,46.13
2014-11-25,45.92
2014-11-24,45.93
2014-11-21,45.72
2014-11-20,45.6
2014-11-19,45.3
2014-11-18,45.12
2014-11-17,44.89
2014-11-14,44.34
2014-11-13,43.87
2014-11-12,43.79
2014-11-11,44.14
2014-11-10,43.84
2014-11-07,43.65
2014-11-06,43.15
2014-11-05,43.44
2014-11-04,42.78
2014-11-03,40.8
2014-10-31,40.58
2014-10-30,40.22
2014-10-29,39.56
2014-10-28,39.45
2014-10-27,38.53
2014-10-24,39.36
2014-10-23,39.32
2014-10-22,39.51
2014-10-21,39.46
2014-10-20,39.2
2014-10-17,38.42
2014-10-16,37.28
2014-10-15,37.11
2014-10-14,37.2
2014-10-13,38.65
2014-10-10,40.03
2014-10-09,40.7
2014-10-08,41.46
2014-10-07,42.8
2014-10-06,43.68
2014-10-03,44.13
2014-10-02,43.63
2014-10-01,43.52
2014-09-30,44.12
2014-09-29,44.3
2014-09-26,43.92
2014-09-25,43.59
2014-09-24,44.43
2014-09-23,43.84
2014-09-22,44.43
2014-09-19,44.63
2014-09-18,44.95
2014-09-17,44.21
2014-09-16,44.26
2014-09-15,43.66
2014-09-12,43.53
2014-09-11,43.97
2014-09-10,43.75
2014-09-09,43.57
2014-09-08,43.63
2014-09-05,43.48
2014-09-04,43.35
2014-09-03,43.11
2014-09-02,43.23
2014-08-29,43.05
2014-08-28,42.96
2014-08-27,42.81
2014-08-26,42.48
2014-08-25,42.71
2014-08-22,42.43
2014-08-21,42.8
2014-08-20,43.0
2014-08-19,42.91
2014-08-18,42.79
2014-08-15,42.74
2014-08-14,42.94
2014-08-13,43.0
2014-08-12,42.66
2014-08-11,42.8
2014-08-08,42.14
2014-08-07,41.69
2014-08-06,41.8
2014-08-05,41.73
2014-08-04,40.34
2014-08-01,40.02
2014-07-31,39.87
2014-07-30,40.16
2014-07-29,40.88
2014-07-28,41.31
2014-07-25,41.35
2014-07-24,41.62
2014-07-23,41.5
2014-07-22,41.42
2014-07-21,41.32
2014-07-18,41.33
2014-07-17,40.66
2014-07-16,41.04
2014-07-15,40.85
2014-07-14,41.31
2014-07-11,41.12
2014-07-10,40.69
2014-07-09,39.66
2014-07-08,39.48
2014-07-07,39.96
2014-07-03,39.33
2014-07-02,38.94
2014-07-01,38.54
2014-06-30,37.9
2014-06-27,37.66
2014-06-26,37.75
2014-06-25,37.72
2014-06-24,38.05
2014-06-23,38.65
2014-06-20,38.56
2014-06-19,38.77
2014-06-18,38.18
2014-06-17,38.16
2014-06-16,38.0
2014-06-13,37.67
2014-06-12,37.35
2014-06-11,38.38
2014-06-10,38.79
2014-06-09,38.79
2014-06-06,38.82
2014-06-05,38.64
2014-06-04,38.08
2014-06-03,38.11
2014-06-02,38.54
2014-05-30,38.62
2014-05-29,38.36
2014-05-28,38.06
2014-05-27,38.08
2014-05-23,37.43
2014-05-22,37.51
2014-05-21,37.69
2014-05-20,37.23
2014-05-19,37.72
2014-05-16,37.66
2014-05-15,37.41
2014-05-14,37.68
2014-05-13,38.08
2014-05-12,38.18
2014-05-09,37.94
2014-05-08,37.67
2014-05-07,37.84
2014-05-06,36.87
2014-05-05,37.1
2014-05-02,37.22
2014-05-01,36.96
2014-04-30,37.38
2014-04-29,36.95
2014-04-28,37.93
2014-04-25,37.97
2014-04-24,38.15
2014-04-23,38.23
2014-04-22,38.13
2014-04-21,38.37
2014-04-17,38.5
2014-04-16,38.48
2014-04-15,37.84
2014-04-14,38.2
2014-04-11,37.96
2014-04-10,37.75
2014-04-09,37.93
2014-04-08,37.2
2014-04-07,37.26
2014-04-04,36.79
2014-04-03,36.88
2014-04-02,37.12
2014-04-01,37.12
2014-03-31,37.09
2014-03-28,36.93
2014-03-27,36.84
2014-03-26,36.5
2014-03-25,36.25
2014-03-24,36.15
2014-03-21,36.47
2014-03-20,36.5
2014-03-19,36.46
2014-03-18,36.69
2014-03-17,36.38
2014-03-14,36.33
2014-03-13,36.24
2014-03-12,36.69
2014-03-11,36.28
2014-03-10,36.28
2014-03-07,35.32
2014-03-06,34.99
2014-03-05,34.76
2014-03-04,34.79
2014-03-03,34.09
2014-02-28,34.7
2014-02-27,34.09
2014-02-26,34.52
2014-02-25,34.52
2014-02-24,34.32
2014-02-21,34.18
2014-02-20,34.29
2014-02-19,34.15
2014-02-18,34.64
2014-02-14,34.65
2014-02-13,34.56
2014-02-12,34.54
2014-02-11,34.44
2014-02-10,34.08
2014-02-07,33.89
2014-02-06,33.23
2014-02-05,32.85
2014-02-04,32.48
2014-02-03,33.06
2014-01-31,33.54
2014-01-30,33.57
2014-01-29,33.32
2014-01-28,34.05
2014-01-27,33.44
2014-01-24,33.62
2014-01-23,34.7
2014-01-22,35.9
2014-01-21,35.15
2014-01-17,34.84
2014-01-16,35.05
2014-01-15,36.07
2014-01-14,35.97
2014-01-13,35.29
2014-01-10,35.67
2014-01-09,35.82
2014-01-08,35.99
2014-01-07,36.41
2014-01-06,36.77
2014-01-03,36.7
2014-01-02,36.53
2013-12-31,36.88
2013-12-30,37.12
2013-12-27,37.18
2013-12-26,37.09
2013-12-24,36.77
2013-12-23,36.57
2013-12-20,36.84
2013-12-19,37.21
2013-12-18,36.65
2013-12-17,35.24
2013-12-16,34.55
2013-12-13,34.28
2013-12-12,34.49
2013-12-11,35.44
2013-12-10,35.99
2013-12-09,36.09
2013-12-06,35.63
2013-12-05,35.24
2013-12-04,35.46
2013-12-03,34.92
2013-12-02,34.71
2013-11-29,34.2
2013-11-27,35.25
2013-11-26,35.35
2013-11-25,35.13
2013-11-22,35.57
2013-11-21,34.96
2013-11-20,33.9
2013-11-19,34.81
2013-11-18,34.79
2013-11-15,34.46
2013-11-14,35.69
2013-11-13,35.2
2013-11-12,34.34
2013-11-11,34.79
2013-11-08,35.05
2013-11-07,34.87
2013-11-06,35.32
2013-11-05,35.5
2013-11-04,34.57
2013-11-01,34.59
2013-10-31,34.59
2013-10-30,34.68
2013-10-29,34.45
2013-10-28,33.69
2013-10-25,33.77
2013-10-24,33.14
2013-10-23,33.21
2013-10-22,33.4
2013-10-21,32.7
2013-10-18,32.16
2013-10-17,32.05
2013-10-16,31.73
2013-10-15,31.14
2013-10-14,31.27
2013-10-11,30.95
2013-10-10,31.35
2013-10-09,30.73
2013-10-08,30.61
2013-10-07,30.8
2013-10-04,31.04
2013-10-03,31.08
2013-10-02,31.44
2013-10-01,31.17
2013-09-30,31.16
2013-09-27,31.39
2013-09-26,31.13
2013-09-25,31.01
2013-09-24,31.1
2013-09-23,30.98
2013-09-20,31.5
2013-09-19,31.34
2013-09-18,31.39
2013-09-17,31.43
2013-09-16,31.08
2013-09-13,30.63
2013-09-12,30.44
2013-09-11,30.56
2013-09-10,30.51
2013-09-09,30.54
2013-09-06,30.27
2013-09-05,30.61
2013-09-04,30.53
2013-09-03,29.94
2013-08-30,29.78
2013-08-29,29.44
2013-08-28,29.26
2013-08-27,29.29
2013-08-26,29.18
2013-08-23,30.68
2013-08-22,30.51
2013-08-21,30.7
2013-08-20,30.95
2013-08-19,30.78
2013-08-16,31.34
2013-08-15,31.16
2013-08-14,32.43
2013-08-13,32.5
2013-08-12,32.44
2013-08-09,32.29
2013-08-08,32.22
2013-08-07,31.77
2013-08-06,31.88
2013-08-05,31.85
2013-08-02,31.61
2013-08-01,31.28
2013-07-31,30.68
2013-07-30,30.31
2013-07-29,30.59
2013-07-26,30.85
2013-07-25,30.83
2013-07-24,30.35
2013-07-23,30.76
2013-07-22,30.43
2013-07-19,30.86
2013-07-18,30.11
2013-07-17,30.03
2013-07-16,30.04
2013-07-15,30.47
2013-07-12,30.55
2013-07-11,30.45
2013-07-10,30.2
2013-07-09,30.05
2013-07-08,29.75
2013-07-05,29.35
2013-07-03,29.29
2013-07-02,29.34
2013-07-01,28.9
2013-06-28,28.53
2013-06-27,28.36
2013-06-26,28.25
2013-06-25,27.91
2013-06-24,27.71
2013-06-21,27.84
2013-06-20,27.44
2013-06-19,27.98
2013-06-18,28.46
2013-06-17,27.99
2013-06-14,27.83
2013-06-13,28.09
2013-06-12,27.67
2013-06-11,27.87
2013-06-10,27.85
2013-06-07,27.69
2013-06-06,27.47
2013-06-05,27.43
2013-06-04,27.76
2013-06-03,27.47
2013-05-31,27.12
2013-05-30,28.03
2013-05-29,28.13
2013-05-28,28.72
2013-05-24,28.5
2013-05-23,28.74
2013-05-22,28.72
2013-05-21,29.2
2013-05-20,28.94
2013-05-17,29.45
2013-05-16,28.74
2013-05-15,29.2
2013-05-14,28.66
2013-05-13,28.44
2013-05-10,28.5
2013-05-09,28.37
2013-05-08,28.78
2013-05-07,28.73
2013-05-06,28.35
2013-05-03,28.61
2013-05-02,28.11
2013-05-01,28.09
2013-04-30,28.4
2013-04-29,28.47
2013-04-26,28.0
2013-04-25,27.76
2013-04-24,27.1
2013-04-23,27.23
2013-04-22,26.96
2013-04-19,26.92
2013-04-18,26.7
2013-04-17,26.83
2013-04-16,26.92
2013-04-15,26.37
2013-04-12,27.31
2013-04-11,27.59
2013-04-10,27.75
2013-04-09,27.38
2013-04-08,27.88
2013-04-05,27.75
2013-04-04,28.1
2013-04-03,27.8
2013-04-02,28.54
2013-04-01,28.19
2013-03-28,28.22
2013-03-27,27.58
2013-03-26,27.47
2013-03-25,27.25
2013-03-22,27.43
2013-03-21,27.28
2013-03-20,27.62
2013-03-19,27.36
2013-03-18,27.35
2013-03-15,27.61
2013-03-14,27.53
2013-03-13,27.55
2013-03-12,27.24
2013-03-11,27.16
2013-03-08,27.22
2013-03-07,27.25
2013-03-06,27.04
2013-03-05,26.95
2013-03-04,26.79
2013-03-01,26.75
2013-02-28,26.66
2013-02-27,26.77
2013-02-26,26.63
2013-02-25,26.52
2013-02-22,26.86
2013-02-21,26.86
2013-02-20,27.19
2013-02-19,27.68
2013-02-15,27.25
2013-02-14,26.11
2013-02-13,25.91
2013-02-12,25.62
2013-02-11,25.18
2013-02-08,25.13
2013-02-07,25.18
2013-02-06,25.26
2013-02-05,24.43
2013-02-04,23.65
2013-02-01,23.84
2013-01-31,23.73
2013-01-30,23.86
2013-01-29,23.8
2013-01-28,23.82
2013-01-25,24.09
2013-01-24,24.14
2013-01-23,23.83
2013-01-22,24.21
2013-01-18,23.82
2013-01-17,23.93
2013-01-16,23.61
2013-01-15,23.63
2013-01-14,23.75
2013-01-11,23.57
2013-01-10,23.57
2013-01-09,23.68
2013-01-08,23.57
2013-01-07,23.29
2013-01-04,24.3
2013-01-03,23.65
2013-01-02,23.84
2012-12-31,22.78
2012-12-28,22.5
2012-12-27,22.86
2012-12-26,22.84
2012-12-24,23.07
2012-12-21,23.1
2012-12-20,23.31
2012-12-19,23.19
2012-12-18,23.35
2012-12-17,22.78
2012-12-14,22.53
2012-12-13,22.58
2012-12-12,22.64
2012-12-11,22.59
2012-12-10,22.43
2012-12-07,22.6
2012-12-06,22.22
2012-12-05,22.22
2012-12-04,22.21
2012-12-03,22.28
2012-11-30,22.2
2012-11-29,22.25
2012-11-28,22.12
2012-11-27,21.98
2012-11-26,22.21
2012-11-23,22.24
2012-11-21,21.95
2012-11-20,21.9
2012-11-19,21.25
2012-11-16,20.76
2012-11-15,20.36
2012-11-14,20.4
2012-11-13,20.7
2012-11-12,20.86
2012-11-09,20.97
2012-11-08,21.03
2012-11-07,21.47
2012-11-06,21.99
2012-11-05,21.97
2012-11-02,22.17
2012-11-01,22.38
2012-10-31,22.17
2012-10-26,22.34
2012-10-25,22.29
2012-10-24,22.24
2012-10-23,22.54
2012-10-22,23.16
2012-10-19,23.55
2012-10-18,24.01
2012-10-17,24.03
2012-10-16,23.73
2012-10-15,23.21
2012-10-12,23.16
2012-10-11,23.15
2012-10-10,23.2
2012-10-09,23.37
2012-10-08,23.39
2012-10-05,23.3
2012-10-04,23.25
2012-10-03,23.09
2012-10-02,23.02
2012-10-01,22.93
2012-09-28,22.45
2012-09-27,22.76
2012-09-26,22.69
2012-09-25,22.84
2012-09-24,22.72
2012-09-21,22.32
2012-09-20,22.31
2012-09-19,22.44
2012-09-18,22.49
2012-09-17,22.46
2012-09-14,22.45
2012-09-13,22.62
2012-09-12,22.45
2012-09-11,22.57
2012-09-10,22.5
2012-09-07,22.54
2012-09-06,22.59
2012-09-05,21.99
2012-09-04,22.2
2012-08-31,22.09
2012-08-30,21.91
2012-08-29,21.95
2012-08-28,21.78
2012-08-27,21.82
2012-08-24,21.79
2012-08-23,21.64
2012-08-22,21.69
2012-08-21,21.74
2012-08-20,21.89
2012-08-17,21.61
2012-08-16,21.74
2012-08-15,21.68
2012-08-14,21.32
2012-08-13,21.27
2012-08-10,21.28
2012-08-09,21.71
2012-08-08,21.72
2012-08-07,21.09
2012-08-06,21.02
2012-08-03,20.95
2012-08-02,20.61
2012-08-01,21.06
2012-07-31,21.4
2012-07-30,22.55
2012-07-27,22.59
2012-07-26,22.29
2012-07-25,21.91
2012-07-24,21.89
2012-07-23,22.04
2012-07-20,22.15
2012-07-19,22.38
2012-07-18,22.64
2012-07-17,22.35
2012-07-16,22.07
2012-07-13,22.47
2012-07-12,22.4
2012-07-11,22.69
2012-07-10,22.61
2012-07-09,22.6
2012-07-06,23.29
2012-07-05,23.38
2012-07-03,23.78
2012-07-02,23.82
2012-06-29,24.21
2012-06-28,23.9
2012-06-27,23.68
2012-06-26,23.48
2012-06-25,23.61
2012-06-22,24.02
2012-06-21,24.1
2012-06-20,24.51
2012-06-19,24.73
2012-06-18,25.67
2012-06-15,25.8
2012-06-14,25.64
2012-06-13,25.64
2012-06-12,26.19
2012-06-11,25.99
2012-06-08,26.12
2012-06-07,26.35
2012-06-06,26.39
2012-06-05,25.68
2012-06-04,25.33
2012-06-01,25.36
2012-05-31,26.15
2012-05-30,26.37
2012-05-29,26.66
2012-05-25,26.45
2012-05-24,26.33
2012-05-23,26.18
2012-05-22,26.38
2012-05-21,26.39
2012-05-18,26.1
2012-05-17,26.42
2012-05-16,26.49
2012-05-15,26.63
2012-05-14,26.97
2012-05-11,26.8
2012-05-10,27.33
2012-05-09,26.65
2012-05-08,26.91
2012-05-07,26.59
2012-05-04,26.31
2012-05-03,26.57
2012-05-02,26.88
2012-05-01,26.94
2012-04-30,25.15
2012-04-27,25.36
2012-04-26,25.32
2012-04-25,25.2
2012-04-24,25.24
2012-04-23,24.82
2012-04-20,25.06
2012-04-19,25.03
2012-04-18,25.24
2012-04-17,25.46
2012-04-16,25.12
2012-04-13,25.09
2012-04-12,25.37
2012-04-11,25.28
2012-04-10,25.15
2012-04-09,25.16
2012-04-05,25.55
2012-04-04,25.64
2012-04-03,26.09
2012-04-02,26.38
2012-03-30,25.83
2012-03-29,25.51
2012-03-28,25.51
2012-03-27,26.0
2012-03-26,26.14
2012-03-23,25.99
2012-03-22,25.9
2012-03-21,26.05
2012-03-20,26.0
2012-03-19,25.86
2012-03-16,25.95
2012-03-15,25.96
2012-03-14,25.82
2012-03-13,26.24
2012-03-12,25.56
2012-03-09,25.4
2012-03-08,25.38
2012-03-07,25.33
2012-03-06,24.8
2012-03-05,25.82
2012-03-02,25.82
2012-03-01,25.72
2012-02-29,25.46
2012-02-28,25.77
2012-02-27,25.87
2012-02-24,26.08
2012-02-23,25.9
2012-02-22,25.74
2012-02-21,25.59
2012-02-17,25.58
2012-02-16,25.48
2012-02-15,25.33
2012-02-14,25.42
2012-02-13,25.09
2012-02-10,24.8
2012-02-09,24.95
2012-02-08,24.68
2012-02-07,24.18
2012-02-06,24.01
2012-02-03,23.97
2012-02-02,23.67
2012-02-01,23.68
2012-01-31,23.23
2012-01-30,24.1
2012-01-27,24.19
2012-01-26,24.21
2012-01-25,24.4
2012-01-24,24.19
2012-01-23,24.25
2012-01-20,24.37
2012-01-19,23.87
2012-01-18,23.71
2012-01-17,23.35
2012-01-13,23.67
2012-01-12,23.64
2012-01-11,23.47
2012-01-10,23.35
2012-01-09,23.45
2012-01-06,23.58
2012-01-05,23.72
2012-01-04,23.83
2012-01-03,23.44
2011-12-30,23.2
2011-12-29,23.32
2011-12-28,23.02
2011-12-27,23.56
2011-12-23,23.58
2011-12-22,23.28
2011-12-21,23.26
2011-12-20,23.0
2011-12-19,22.12
2011-12-16,22.47
2011-12-15,22.68
2011-12-14,22.25
2011-12-13,22.59
2011-12-12,22.99
2011-12-09,23.62
2011-12-08,23.32
2011-12-07,23.97
2011-12-06,24.01
2011-12-05,24.31
2011-12-02,24.33
2011-12-01,24.52
2011-11-30,24.44
2011-11-29,23.58
2011-11-28,23.45
2011-11-25,22.63
2011-11-23,22.55
2011-11-22,23.05
2011-11-21,22.95
2011-11-18,23.45
2011-11-17,23.29
2011-11-16,23.48
2011-11-15,24.05
2011-11-14,24.02
2011-11-11,23.95
2011-11-10,23.29
2011-11-09,23.0
2011-11-08,24.07
2011-11-07,23.7
2011-11-04,23.43
2011-11-03,23.69
2011-11-02,23.02
2011-11-01,22.37
2011-10-31,23.34
2011-10-28,24.47
2011-10-27,24.36
2011-10-26,23.31
2011-10-25,22.7
2011-10-24,23.34
2011-10-21,23.06
2011-10-20,22.4
2011-10-19,22.11
2011-10-18,22.51
2011-10-17,21.79
2011-10-14,22.38
2011-10-13,21.86
2011-10-12,21.84
2011-10-11,21.26
2011-10-10,20.98
2011-10-07,20.53
2011-10-06,20.9
2011-10-05,20.3
2011-10-04,19.85
2011-10-03,19.49
2011-09-30,20.01
2011-09-29,20.78
2011-09-28,20.25
2011-09-27,20.78
2011-09-26,20.59
2011-09-23,20.32
2011-09-22,20.49
2011-09-21,21.92
2011-09-20,22.61
2011-09-19,22.43
2011-09-16,23.08
2011-09-15,22.74
2011-09-14,22.11
2011-09-13,21.86
2011-09-12,21.79
2011-09-09,21.86
2011-09-08,22.22
2011-09-07,22.52
2011-09-06,21.86
2011-09-02,22.12
2011-09-01,22.79
2011-08-31,22.97
2011-08-30,23.17
2011-08-29,23.18
2011-08-26,22.42
2011-08-25,22.3
2011-08-24,22.93
2011-08-23,22.78
2011-08-22,21.99
2011-08-19,22.2
2011-08-18,22.19
2011-08-17,22.85
2011-08-16,22.61
2011-08-15,22.69
2011-08-12,21.88
2011-08-11,22.08
2011-08-10,20.99
2011-08-09,22.22
2011-08-08,21.08
2011-08-05,22.97
2011-08-04,22.5
2011-08-03,23.77
2011-08-02,22.94
2011-08-01,24.44
2011-07-29,24.36
2011-07-28,24.71
2011-07-27,24.87
2011-07-26,25.34
2011-07-25,25.53
2011-07-22,25.76
2011-07-21,25.88
2011-07-20,25.1
2011-07-19,24.51
2011-07-18,23.76
2011-07-15,24.3
2011-07-14,23.97
2011-07-13,24.41
2011-07-12,24.69
2011-07-11,24.47
2011-07-08,24.89
2011-07-07,24.42
2011-07-06,24.66
2011-07-05,24.87
2011-07-01,24.72
2011-06-30,24.18
2011-06-29,24.31
2011-06-28,23.74
2011-06-27,23.75
2011-06-24,23.5
2011-06-23,23.67
2011-06-22,24.3
2011-06-21,24.52
2011-06-20,24.41
2011-06-17,24.2
2011-06-16,23.67
2011-06-15,23.72
2011-06-14,24.29
2011-06-13,23.9
2011-06-10,23.69
2011-06-09,24.13
2011-06-08,23.86
2011-06-07,24.16
2011-06-06,24.27
2011-06-03,24.37
2011-06-02,24.61
2011-06-01,24.95
2011-05-31,25.99
2011-05-27,25.83
2011-05-26,25.13
2011-05-25,24.88
2011-05-24,24.83
2011-05-23,24.84
2011-05-20,25.07
2011-05-19,25.25
2011-05-18,25.47
2011-05-17,25.51
2011-05-16,25.54
2011-05-13,25.69
2011-05-12,25.77
2011-05-11,26.0
2011-05-10,26.66
2011-05-09,27.22
2011-05-06,27.11
2011-05-05,27.19
2011-05-04,27.7
2011-05-03,27.54
2011-05-02,29.52
2011-04-29,29.54
2011-04-28,29.0
2011-04-27,28.97
2011-04-26,29.01
2011-04-25,28.48
2011-04-21,28.77
2011-04-20,28.57
2011-04-19,27.9
2011-04-18,27.49
2011-04-15,27.79
2011-04-14,27.96
2011-04-13,28.04
2011-04-12,28.36
2011-04-11,28.38
2011-04-08,28.14
2011-04-07,29.1
2011-04-06,29.17
2011-04-05,29.54
2011-04-04,29.3
2011-04-01,29.11
2011-03-31,28.73
2011-03-30,28.68
2011-03-29,28.5
2011-03-28,28.21
2011-03-25,28.17
2011-03-24,28.78
2011-03-23,28.81
2011-03-22,28.76
2011-03-21,28.63
2011-03-18,27.9
2011-03-17,27.73
2011-03-16,27.48
2011-03-15,28.33
2011-03-14,28.57
2011-03-11,28.8
2011-03-10,28.29
2011-03-09,29.21
2011-03-08,29.52
2011-03-07,29.32
2011-03-04,29.48
2011-03-03,29.76
2011-03-02,29.34
2011-03-01,29.22
2011-02-28,29.67
2011-02-25,29.43
2011-02-24,29.07
2011-02-23,28.62
2011-02-22,29.51
2011-02-18,30.04
2011-02-17,29.91
2011-02-16,29.62
2011-02-15,29.09
2011-02-14,29.12
2011-02-11,28.78
2011-02-10,28.16
2011-02-09,28.62
2011-02-08,28.67
2011-02-07,28.56
2011-02-04,28.67
2011-02-03,28.16
2011-02-02,28.07
2011-02-01,27.57
2011-01-31,25.96
2011-01-28,26.03
2011-01-27,26.56
2011-01-26,26.55
2011-01-25,26.49
2011-01-24,26.55
2011-01-21,26.57
2011-01-20,26.53
2011-01-19,26.96
2011-01-18,26.79
2011-01-14,26.62
2011-01-13,26.4
2011-01-12,25.87
2011-01-11,25.59
2011-01-10,25.49
2011-01-07,25.38
2011-01-06,25.18
2011-01-05,24.25
2011-01-04,24.14
2011-01-03,24.15
2010-12-31,23.9
2010-12-30,23.75
2010-12-29,23.64
2010-12-28,23.66
2010-12-27,23.91
2010-12-23,24.0
2010-12-22,24.3
2010-12-21,23.95
2010-12-20,24.03
2010-12-17,23.86
2010-12-16,24.11
2010-12-15,24.01
2010-12-14,24.28
2010-12-13,24.38
2010-12-10,24.68
2010-12-09,24.18
2010-12-08,23.79
2010-12-07,23.97
2010-12-06,23.95
2010-12-03,24.14
2010-12-02,23.93
2010-12-01,23.43
2010-11-30,23.03
2010-11-29,22.94
2010-11-26,23.21
2010-11-24,23.42
2010-11-23,23.11
2010-11-22,23.57
2010-11-19,23.56
2010-11-18,23.67
2010-11-17,23.45
2010-11-16,23.5
2010-11-15,23.87
2010-11-12,23.9
2010-11-11,24.25
2010-11-10,24.33
2010-11-09,24.39
2010-11-08,24.66
2010-11-05,24.78
2010-11-04,24.95
2010-11-03,24.55
2010-11-02,24.66
2010-11-01,26.4
2010-10-29,26.34
2010-10-28,26.44
2010-10-27,26.26
2010-10-26,26.38
2010-10-25,26.65
2010-10-22,26.51
2010-10-21,26.43
2010-10-20,26.43
2010-10-19,26.06
2010-10-18,26.55
2010-10-15,26.3
2010-10-14,26.31
2010-10-13,26.26
2010-10-12,25.86
2010-10-11,25.74
2010-10-08,25.98
2010-10-07,25.87
2010-10-06,25.53
2010-10-05,25.6
2010-10-04,24.99
2010-10-01,25.23
2010-09-30,25.23
2010-09-29,25.75
2010-09-28,26.0
2010-09-27,25.8
2010-09-24,25.51
2010-09-23,26.1
2010-09-22,26.4
2010-09-21,25.97
2010-09-20,26.05
2010-09-17,25.6
2010-09-16,26.25
2010-09-15,25.72
2010-09-14,25.42
2010-09-13,25.83
2010-09-10,25.87
2010-09-09,25.18
2010-09-08,25.26
2010-09-07,24.81
2010-09-03,25.3
2010-09-02,24.93
2010-09-01,24.78
2010-08-31,24.36
2010-08-30,24.15
2010-08-27,24.13
2010-08-26,23.69
2010-08-25,23.8
2010-08-24,23.62
2010-08-23,23.98
2010-08-20,24.13
2010-08-19,23.9
2010-08-18,24.28
2010-08-17,24.33
2010-08-16,23.63
2010-08-13,23.64
2010-08-12,24.07
2010-08-11,23.47
2010-08-10,24.1
2010-08-09,24.09
2010-08-06,23.74
2010-08-05,23.79
2010-08-04,22.5
2010-08-03,22.41
2010-08-02,22.28
2010-07-30,21.52
2010-07-29,21.24
2010-07-28,21.76
2010-07-27,21.9
2010-07-26,21.87
2010-07-23,21.73
2010-07-22,21.59
2010-07-21,21.31
2010-07-20,21.54
2010-07-19,21.06
2010-07-16,21.03
2010-07-15,21.14
2010-07-14,21.16
2010-07-13,21.22
2010-07-12,20.99
2010-07-09,21.02
2010-07-08,21.01
2010-07-07,20.72
2010-07-06,20.28
2010-07-02,20.06
2010-07-01,20.26
2010-06-30,20.31
2010-06-29,20.46
2010-06-28,20.96
2010-06-25,20.72
2010-06-24,20.81
2010-06-23,21.23
2010-06-22,20.96
2010-06-21,21.36
2010-06-18,21.39
2010-06-17,21.64
2010-06-16,21.06
2010-06-15,21.01
2010-06-14,20.18
2010-06-11,20.17
2010-06-10,19.97
2010-06-09,19.61
2010-06-08,19.58
2010-06-07,19.28
2010-06-04,19.53
2010-06-03,20.08
2010-06-02,20.1
2010-06-01,19.66
2010-05-28,19.88
2010-05-27,20.0
2010-05-26,19.56
2010-05-25,19.43
2010-05-24,19.6
2010-05-21,19.99
2010-05-20,19.96
2010-05-19,20.98
2010-05-18,21.01
2010-05-17,21.25
2010-05-14,20.94
2010-05-13,21.24
2010-05-12,21.51
2010-05-11,21.14
2010-05-10,20.82
2010-05-07,20.29
2010-05-06,20.1
2010-05-05,20.69
2010-05-04,20.51
2010-05-03,21.68
2010-04-30,21.86
2010-04-29,22.0
2010-04-28,21.91
2010-04-27,21.81
2010-04-26,22.25
2010-04-23,22.29
2010-04-22,22.26
2010-04-21,22.5
2010-04-20,22.62
2010-04-19,22.11
2010-04-16,22.1
2010-04-15,22.17
2010-04-14,22.14
2010-04-13,22.04
2010-04-12,22.19
2010-04-09,22.11
2010-04-08,21.95
2010-04-07,22.1
2010-04-06,22.08
2010-04-05,22.26
2010-04-01,22.77
2010-03-31,22.61
2010-03-30,22.63
2010-03-29,22.71
2010-03-26,22.23
2010-03-25,22.11
2010-03-24,22.29
2010-03-23,22.94
2010-03-22,22.94
2010-03-19,22.76
2010-03-18,22.87
2010-03-17,22.76
2010-03-16,22.36
2010-03-15,22.38
2010-03-12,22.42
2010-03-11,23.03
2010-03-10,23.65
2010-03-09,23.87
2010-03-08,23.91
2010-03-05,23.95
2010-03-04,23.47
2010-03-03,23.29
2010-03-02,23.35
2010-03-01,23.2
2010-02-26,22.97
2010-02-25,23.05
2010-02-24,23.13
2010-02-23,23.17
2010-02-22,23.32
2010-02-19,23.43
2010-02-18,23.44
2010-02-17,23.37
2010-02-16,23.06
2010-02-12,23.17
2010-02-11,23.37
2010-02-10,23.34
2010-02-09,23.28
2010-02-08,23.26
2010-02-05,23.82
2010-02-04,23.4
2010-02-03,24.27
2010-02-02,24.62
2010-02-01,23.47
2010-01-29,23.33
2010-01-28,23.31
2010-01-27,23.15
2010-01-26,23.06
2010-01-25,23.17
2010-01-22,23.71
2010-01-21,23.69
2010-01-20,24.05
2010-01-19,23.77
2010-01-15,23.77
2010-01-14,23.92
2010-01-13,23.86
2010-01-12,23.76
2010-01-11,24.02
2010-01-08,24.0
2010-01-07,24.31
2010-01-06,24.56
2010-01-05,24.63
2010-01-04,24.49
2009-12-31,24.37
2009-12-30,24.7
2009-12-29,24.57
2009-12-28,24.62
2009-12-24,24.57
2009-12-23,24.38
2009-12-22,23.97
2009-12-21,23.96
2009-12-18,23.78
2009-12-17,23.77
2009-12-16,24.31
2009-12-15,23.85
2009-12-14,23.53
2009-12-11,23.73
2009-12-10,23.75
2009-12-09,23.72
2009-12-08,23.98
2009-12-07,24.17
2009-12-04,24.59
2009-12-03,24.39
2009-12-02,24.59
2009-12-01,24.64
2009-11-30,23.98
2009-11-27,23.85
2009-11-25,24.44
2009-11-24,24.33
2009-11-23,24.79
2009-11-20,24.61
2009-11-19,24.57
2009-11-18,24.84
2009-11-17,25.06
2009-11-16,24.74
2009-11-13,25.19
2009-11-12,24.99
2009-11-11,24.92
2009-11-10,25.27
2009-11-09,25.15
2009-11-06,25.1
2009-11-05,25.13
2009-11-04,24.96
2009-11-03,24.73
2009-11-02,23.65
2009-10-30,23.34
2009-10-29,23.96
2009-10-28,22.92
2009-10-27,23.32
2009-10-26,23.54
2009-10-23,23.76
2009-10-22,24.08
2009-10-21,24.29
2009-10-20,23.72
2009-10-19,23.78
2009-10-16,23.24
2009-10-15,22.98
2009-10-14,23.18
2009-10-13,23.21
2009-10-12,23.13
2009-10-09,23.04
2009-10-08,23.03
2009-10-07,22.86
2009-10-06,22.84
2009-10-05,22.29
2009-10-02,22.03
2009-10-01,22.36
2009-09-30,22.64
2009-09-29,21.85
2009-09-28,21.46
2009-09-25,21.16
2009-09-24,21.67
2009-09-23,22.1
2009-09-22,22.39
2009-09-21,22.36
2009-09-18,22.56
2009-09-17,22.26
2009-09-16,22.8
2009-09-15,22.6
2009-09-14,22.2
2009-09-11,22.49
2009-09-10,22.48
2009-09-09,22.24
2009-09-08,22.27
2009-09-04,22.4
2009-09-03,21.71
2009-09-02,21.36
2009-09-01,21.72
2009-08-31,22.34
2009-08-28,22.18
2009-08-27,21.86
2009-08-26,21.62
2009-08-25,21.5
2009-08-24,22.0
2009-08-21,22.22
2009-08-20,21.67
2009-08-19,21.45
2009-08-18,21.27
2009-08-17,20.85
2009-08-14,21.48
2009-08-13,21.73
2009-08-12,21.57
2009-08-11,21.96
2009-08-10,22.11
2009-08-07,22.12
2009-08-06,22.09
2009-08-05,22.17
2009-08-04,22.21
2009-08-03,23.43
2009-07-31,23.22
2009-07-30,23.3
2009-07-29,23.69
2009-07-28,23.99
2009-07-27,24.62
2009-07-24,23.43
2009-07-23,23.69
2009-07-22,22.72
2009-07-21,22.56
2009-07-20,22.35
2009-07-17,22.07
2009-07-16,21.95
2009-07-15,21.54
2009-07-14,21.01
2009-07-13,20.88
2009-07-10,20.55
2009-07-09,20.84
2009-07-08,20.46
2009-07-07,20.99
2009-07-06,20.62
2009-07-02,20.46
2009-07-01,21.24
2009-06-30,20.64
2009-06-29,21.01
2009-06-26,20.57
2009-06-25,20.8
2009-06-24,20.43
2009-06-23,20.05
2009-06-22,20.62
2009-06-19,21.03
2009-06-18,21.01
2009-06-17,20.48
2009-06-16,20.9
2009-06-15,21.51
2009-06-12,22.13
2009-06-11,22.33
2009-06-10,22.2
2009-06-09,21.78
2009-06-08,21.51
2009-06-05,21.51
2009-06-04,21.88
2009-06-03,21.43
2009-06-02,21.86
2009-06-01,21.88
2009-05-29,21.21
2009-05-28,20.96
2009-05-27,20.58
2009-05-26,20.83
2009-05-22,20.94
2009-05-21,19.93
2009-05-20,20.44
2009-05-19,19.85
2009-05-18,19.11
2009-05-15,19.29
2009-05-14,19.32
2009-05-13,19.05
2009-05-12,19.85
2009-05-11,19.68
2009-05-08,20.67
2009-05-07,19.14
2009-05-06,18.58
2009-05-05,18.27
2009-05-04,20.06
2009-05-01,19.55
2009-04-30,18.87
2009-04-29,18.76
2009-04-28,18.55
2009-04-27,18.55
2009-04-24,18.22
2009-04-23,18.19
2009-04-22,19.15
2009-04-21,18.9
2009-04-20,18.87
2009-04-17,20.07
2009-04-16,19.99
2009-04-15,19.85
2009-04-14,19.57
2009-04-13,20.63
2009-04-09,19.82
2009-04-08,19.76
2009-04-07,19.67
2009-04-06,22.01
2009-04-03,22.15
2009-04-02,21.97
2009-04-01,21.73
2009-03-31,21.29
2009-03-30,20.99
2009-03-27,21.87
2009-03-26,22.18
2009-03-25,22.06
2009-03-24,22.23
2009-03-23,22.35
2009-03-20,21.03
2009-03-19,21.57
2009-03-18,21.85
2009-03-17,21.9
2009-03-16,21.57
2009-03-13,21.32
2009-03-12,21.41
2009-03-11,21.04
2009-03-10,21.08
2009-03-09,19.8
2009-03-06,19.9
2009-03-05,19.86
2009-03-04,20.25
2009-03-03,19.53
2009-03-02,19.35
2009-02-27,20.44
2009-02-26,20.78
2009-02-25,21.11
2009-02-24,21.45
2009-02-23,20.98
2009-02-20,21.22
2009-02-19,21.34
2009-02-18,21.11
2009-02-17,20.74
2009-02-13,21.79
2009-02-12,21.77
2009-02-11,21.35
2009-02-10,21.75
2009-02-09,22.14
2009-02-06,21.06
2009-02-05,20.34
2009-02-04,19.48
2009-02-03,21.09
2009-02-02,20.98
2009-01-30,20.88
2009-01-29,20.92
2009-01-28,21.43
2009-01-27,21.2
2009-01-26,20.98
2009-01-23,20.54
2009-01-22,20.49
2009-01-21,20.69
2009-01-20,19.16
2009-01-16,19.54
2009-01-15,19.3
2009-01-14,18.5
2009-01-13,21.27
2009-01-12,20.52
2009-01-09,21.33
2009-01-08,21.17
2009-01-07,21.62
2009-01-06,21.58
2009-01-05,22.18
2009-01-02,22.27
2008-12-31,21.99
2008-12-30,21.91
2008-12-29,21.89
2008-12-26,21.62
2008-12-24,21.17
2008-12-23,20.65
2008-12-22,20.82
2008-12-19,21.39
2008-12-18,21.46
2008-12-17,21.62
2008-12-16,21.85
2008-12-15,20.07
2008-12-12,20.29
2008-12-11,20.94
2008-12-10,21.4
2008-12-09,20.7
2008-12-08,20.45
2008-12-05,19.7
2008-12-04,18.77
2008-12-03,19.15
2008-12-02,19.92
2008-12-01,19.49
2008-11-28,20.88
2008-11-26,20.72
2008-11-25,20.63
2008-11-24,20.37
2008-11-21,18.94
2008-11-20,16.72
2008-11-19,16.89
2008-11-18,19.67
2008-11-17,19.45
2008-11-14,19.67
2008-11-13,19.18
2008-11-12,18.64
2008-11-11,18.34
2008-11-10,17.89
2008-11-07,17.14
2008-11-06,15.4
2008-11-05,17.99
2008-11-04,18.46
2008-11-03,16.02
2008-10-31,15.73
2008-10-30,17.11
2008-10-29,16.26
2008-10-28,15.92
2008-10-27,13.57
2008-10-24,13.3
2008-10-23,13.77
2008-10-22,13.6
2008-10-21,14.78
2008-10-20,15.09
2008-10-17,13.9
2008-10-16,13.54
2008-10-15,12.21
2008-10-14,13.74
2008-10-13,13.74
2008-10-10,11.73
2008-10-09,11.6
2008-10-08,12.92
2008-10-07,12.93
2008-10-06,13.94
2008-10-03,14.06
2008-10-02,14.21
2008-10-01,16.25
2008-09-30,16.63
2008-09-29,15.55
2008-09-26,17.36
2008-09-25,17.92
2008-09-24,17.96
2008-09-23,18.14
2008-09-22,17.68
2008-09-19,17.97
2008-09-18,16.35
2008-09-17,16.17
2008-09-16,17.45
2008-09-15,17.27
2008-09-12,18.2
2008-09-11,17.16
2008-09-10,16.77
2008-09-09,16.79
2008-09-08,17.77
2008-09-05,17.77
2008-09-04,17.43
2008-09-03,18.62
2008-09-02,18.9
2008-08-29,19.32
2008-08-28,19.68
2008-08-27,19.5
2008-08-26,19.15
2008-08-25,19.28
2008-08-22,19.89
2008-08-21,20.15
2008-08-20,19.78
2008-08-19,19.23
2008-08-18,19.23
2008-08-15,19.78
2008-08-14,20.1
2008-08-13,20.3
2008-08-12,20.32
2008-08-11,19.89
2008-08-08,20.0
2008-08-07,19.65
2008-08-06,20.66
2008-08-05,19.53
2008-08-04,20.69
2008-08-01,21.26
2008-07-31,21.62
2008-07-30,21.88
2008-07-29,21.81
2008-07-28,21.72
2008-07-25,22.39
2008-07-24,22.57
2008-07-23,22.71
2008-07-22,22.63
2008-07-21,22.3
2008-07-18,22.59
2008-07-17,21.62
2008-07-16,21.78
2008-07-15,21.42
2008-07-14,22.5
2008-07-11,22.87
2008-07-10,23.59
2008-07-09,23.78
2008-07-08,24.18
2008-07-07,24.09
2008-07-03,23.53
2008-07-02,24.28
2008-07-01,25.14
2008-06-30,25.48
2008-06-27,24.86
2008-06-26,24.55
2008-06-25,25.17
2008-06-24,25.04
2008-06-23,25.29
2008-06-20,24.67
2008-06-19,25.01
2008-06-18,24.78
2008-06-17,25.01
2008-06-16,24.62
2008-06-13,24.62
2008-06-12,25.31
2008-06-11,28.15
2008-06-10,28.03
2008-06-09,28.35
2008-06-06,28.09
2008-06-05,29.04
2008-06-04,28.77
2008-06-03,29.01
2008-06-02,29.82
2008-05-30,29.98
2008-05-29,29.82
2008-05-28,30.1
2008-05-27,31.67
2008-05-23,32.6
2008-05-22,32.68
2008-05-21,33.0
2008-05-20,33.19
2008-05-19,33.15
2008-05-16,32.73
2008-05-15,32.75
2008-05-14,32.52
2008-05-13,32.61
2008-05-12,32.58
2008-05-09,32.13
2008-05-08,33.54
2008-05-07,32.92
2008-05-06,33.66
2008-05-05,33.19
2008-05-02,33.08
2008-05-01,32.51
2008-04-30,33.17
2008-04-29,34.31
2008-04-28,35.7
2008-04-25,35.61
2008-04-24,34.73
2008-04-23,35.63
2008-04-22,35.59
2008-04-21,36.27
2008-04-18,34.98
2008-04-17,34.28
2008-04-16,34.03
2008-04-15,33.24
2008-04-14,32.33
2008-04-11,32.39
2008-04-10,32.34
2008-04-09,32.84
2008-04-08,32.54
2008-04-07,32.48
2008-04-04,32.02
2008-04-03,31.04
2008-04-02,31.44
2008-04-01,31.56
2008-03-31,30.98
2008-03-28,31.83
2008-03-27,31.57
2008-03-26,31.9
2008-03-25,32.14
2008-03-24,31.46
2008-03-20,30.25
2008-03-19,31.76
2008-03-18,32.76
2008-03-17,31.67
2008-03-14,33.01
2008-03-13,33.33
2008-03-12,33.22
2008-03-11,33.51
2008-03-10,32.29
2008-03-07,33.88
2008-03-06,34.83
2008-03-05,35.06
2008-03-04,34.63
2008-03-03,34.43
2008-02-29,33.95
2008-02-28,34.98
2008-02-27,34.05
2008-02-26,34.57
2008-02-25,33.75
2008-02-22,33.56
2008-02-21,34.19
2008-02-20,34.13
2008-02-19,34.15
2008-02-15,33.22
2008-02-14,32.77
2008-02-13,32.99
2008-02-12,32.71
2008-02-11,32.24
2008-02-08,31.08
2008-02-07,31.0
2008-02-06,30.97
2008-02-05,31.55
2008-02-04,33.17
2008-02-01,34.15
2008-01-31,33.01
2008-01-30,32.27
2008-01-29,32.23
2008-01-28,32.5
2008-01-25,31.61
2008-01-24,31.73
2008-01-23,30.66
2008-01-22,30.16
2008-01-18,30.7
2008-01-17,30.89
2008-01-16,31.8
2008-01-15,33.77
2008-01-14,33.88
2008-01-11,32.75
2008-01-10,33.46
2008-01-09,33.92
2008-01-08,33.79
2008-01-07,34.42
2008-01-04,34.41
2008-01-03,34.32
2008-01-02,33.97
2007-12-31,34.85
2007-12-28,35.34
2007-12-27,34.56
2007-12-26,34.34
2007-12-24,33.77
2007-12-21,33.23
2007-12-20,32.49
2007-12-19,31.06
2007-12-18,30.16
2007-12-17,29.83
2007-12-14,29.32
2007-12-13,28.74
2007-12-12,29.07
2007-12-11,27.97
2007-12-10,28.98
2007-12-07,28.93
2007-12-06,28.43
2007-12-05,27.64
2007-12-04,27.79
2007-12-03,27.09
2007-11-30,27.28
2007-11-29,27.14
2007-11-28,27.0
2007-11-27,26.79
2007-11-26,26.59
2007-11-23,26.71
2007-11-21,26.37
2007-11-20,27.33
2007-11-19,27.23
2007-11-16,28.35
2007-11-15,27.7
2007-11-14,28.24
2007-11-13,27.96
2007-11-12,27.01
2007-11-09,27.63
2007-11-08,27.88
2007-11-07,27.29
2007-11-06,27.6
2007-11-05,25.83
2007-11-02,26.07
2007-11-01,26.19
2007-10-31,26.77
2007-10-30,26.47
2007-10-29,26.68
2007-10-26,26.23
2007-10-25,25.97
2007-10-24,25.68
2007-10-23,26.19
2007-10-22,26.16
2007-10-19,26.11
2007-10-18,26.56
2007-10-17,26.45
2007-10-16,26.07
2007-10-15,26.12
2007-10-12,26.55
2007-10-11,26.11
2007-10-10,25.39
2007-10-09,25.09
2007-10-08,24.59
2007-10-05,24.77
2007-10-04,24.56
2007-10-03,24.47
2007-10-02,24.87
2007-10-01,24.82
2007-09-28,24.75
2007-09-27,25.18
2007-09-26,24.96
2007-09-25,24.54
2007-09-24,24.47
2007-09-21,24.78
2007-09-20,24.44
2007-09-19,24.73
2007-09-18,24.28
2007-09-17,24.11
2007-09-14,24.21
2007-09-13,24.56
2007-09-12,24.41
2007-09-11,24.47
2007-09-10,24.35
2007-09-07,24.47
2007-09-06,24.8
2007-09-05,24.72
2007-09-04,25.29
2007-08-31,25.21
2007-08-30,25.13
2007-08-29,24.62
2007-08-28,24.01
2007-08-27,24.49
2007-08-24,24.75
2007-08-23,24.58
2007-08-22,24.29
2007-08-21,24.2
2007-08-20,24.28
2007-08-17,24.43
2007-08-16,24.13
2007-08-15,24.63
2007-08-14,24.8
2007-08-13,25.35
2007-08-10,25.67
2007-08-09,26.23
2007-08-08,26.24
2007-08-07,25.85
2007-08-06,25.74
2007-08-03,24.95
2007-08-02,25.63
2007-08-01,25.37
2007-07-31,25.05
2007-07-30,25.48
2007-07-27,25.39
2007-07-26,25.87
2007-07-25,26.84
2007-07-24,26.95
2007-07-23,27.39
2007-07-20,26.89
2007-07-19,27.16
2007-07-18,26.85
2007-07-17,26.89
2007-07-16,27.2
2007-07-13,27.29
2007-07-12,27.11
2007-07-11,26.79
2007-07-10,26.69
2007-07-09,26.96
2007-07-06,26.2
2007-07-05,25.52
2007-07-03,25.55
2007-07-02,25.51
2007-06-29,24.67
2007-06-28,24.12
2007-06-27,24.06
2007-06-26,24.43
2007-06-25,24.64
2007-06-22,24.97
2007-06-21,25.23
2007-06-20,24.97
2007-06-19,25.45
2007-06-18,25.91
2007-06-15,25.78
2007-06-14,25.7
2007-06-13,25.76
2007-06-12,25.56
2007-06-11,25.64
2007-06-08,25.76
2007-06-07,25.13
2007-06-06,25.43
2007-06-05,25.72
2007-06-04,25.7
2007-06-01,25.79
2007-05-31,26.13
2007-05-30,26.55
2007-05-29,26.26
2007-05-25,26.34
2007-05-24,26.15
2007-05-23,26.8
2007-05-22,27.2
2007-05-21,27.44
2007-05-18,27.52
2007-05-17,27.32
2007-05-16,27.36
2007-05-15,26.92
2007-05-14,26.56
2007-05-11,26.66
2007-05-10,26.39
2007-05-09,26.56
2007-05-08,26.29
2007-05-07,26.91
2007-05-04,26.8
2007-05-03,26.86
2007-05-02,27.22
2007-05-01,27.2
2007-04-30,28.76
2007-04-27,29.0
2007-04-26,29.01
2007-04-25,29.37
2007-04-24,29.22
2007-04-23,28.96
2007-04-20,28.65
2007-04-19,27.73
2007-04-18,27.87
2007-04-17,28.15
2007-04-16,28.28
2007-04-13,28.25
2007-04-12,27.88
2007-04-11,27.81
2007-04-10,28.26
2007-04-09,28.05
2007-04-05,27.52
2007-04-04,27.37
2007-04-03,27.66
2007-04-02,27.43
2007-03-30,27.28
2007-03-29,27.32
2007-03-28,27.38
2007-03-27,26.71
2007-03-26,26.68
2007-03-23,26.48
2007-03-22,26.53
2007-03-21,26.67
2007-03-20,26.19
2007-03-19,25.44
2007-03-16,24.91
2007-03-15,25.05
2007-03-14,25.0
2007-03-13,24.88
2007-03-12,25.43
2007-03-09,25.42
2007-03-08,25.87
2007-03-07,25.27
2007-03-06,24.5
2007-03-05,24.48
2007-03-02,25.09
2007-03-01,25.59
2007-02-28,25.53
2007-02-27,25.17
2007-02-26,26.11
2007-02-23,26.16
2007-02-22,26.19
2007-02-21,26.31
2007-02-20,26.57
2007-02-16,26.67
2007-02-15,26.57
2007-02-14,25.98
2007-02-13,25.89
2007-02-12,24.88
2007-02-09,24.71
2007-02-08,25.09
2007-02-07,25.4
2007-02-06,25.22
2007-02-05,25.68
2007-02-02,26.13
2007-02-01,26.28
2007-01-31,23.71
2007-01-30,23.32
2007-01-29,23.16
2007-01-26,23.36
2007-01-25,23.57
2007-01-24,23.77
2007-01-23,24.17
2007-01-22,23.57
2007-01-19,23.28
2007-01-18,22.74
2007-01-17,23.1
2007-01-16,22.98
2007-01-12,22.94
2007-01-11,23.47
2007-01-10,22.92
2007-01-09,23.12
2007-01-08,23.7
2007-01-05,23.58
2007-01-04,23.62
2007-01-03,23.75
